New Year's Day,1,1,1980,01/01/80
Presidents' Day,18,2,1980,02/18/80
Good Friday,4,4,1980,04/04/80
Memorial Day,26,5,1980,05/26/80
Independence Day,4,7,1980,07/04/80
Labour Day,1,9,1980,09/01/80
Thanksgiving,27,11,1980,11/27/80
Christmas Day,25,12,1980,12/25/80
New Year's Day,1,1,1981,01/01/81
Presidents' Day,16,2,1981,02/16/81
Good Friday,17,4,1981,04/17/81
Memorial Day,25,5,1981,05/25/81
Independence Day (Observed),3,7,1981,07/03/81
Independence Day,4,7,1981,07/04/81
Labour Day,7,9,1981,09/07/81
Thanksgiving,26,11,1981,11/26/81
Christmas Day,25,12,1981,12/25/81
New Year's Day,1,1,1982,01/01/82
Presidents' Day,15,2,1982,02/15/82
Good Friday,9,4,1982,04/09/82
Memorial Day,31,5,1982,05/31/82
Independence Day,4,7,1982,07/04/82
Independence Day (Observed),5,7,1982,07/05/82
Labour Day,6,9,1982,09/06/82
Thanksgiving,25,11,1982,11/25/82
Christmas Day (Observed),24,12,1982,12/24/82
Christmas Day,25,12,1982,12/25/82
New Year's Day (Observed),31,12,1982,12/31/82
New Year's Day (Observed),31,12,1982,12/31/82
New Year's Day,1,1,1983,01/01/83
Presidents' Day,21,2,1983,02/21/83
Good Friday,1,4,1983,04/01/83
Memorial Day,30,5,1983,05/30/83
Independence Day,4,7,1983,07/04/83
Labour Day,5,9,1983,09/05/83
Thanksgiving,24,11,1983,11/24/83
Christmas Day,25,12,1983,12/25/83
Christmas Day (Observed),26,12,1983,12/26/83
New Year's Day,1,1,1984,01/01/84
New Year's Day (Observed),2,1,1984,01/02/84
Presidents' Day,20,2,1984,02/20/84
Good Friday,20,4,1984,04/20/84
Memorial Day,28,5,1984,05/28/84
Independence Day,4,7,1984,07/04/84
Labour Day,3,9,1984,09/03/84
Thanksgiving,29,11,1984,11/29/84
Christmas Day,25,12,1984,12/25/84
New Year's Day,1,1,1985,01/01/85
Presidents' Day,18,2,1985,02/18/85
Good Friday,5,4,1985,04/05/85
Memorial Day,27,5,1985,05/27/85
Independence Day,4,7,1985,07/04/85
Labour Day,2,9,1985,09/02/85
Thanksgiving,28,11,1985,11/28/85
Christmas Day,25,12,1985,12/25/85
New Year's Day,1,1,1986,01/01/86
"Martin Luther King, Jr. Day",20,1,1986,01/20/86
Presidents' Day,17,2,1986,02/17/86
Good Friday,28,3,1986,03/28/86
Memorial Day,26,5,1986,05/26/86
Independence Day,4,7,1986,07/04/86
Labour Day,1,9,1986,09/01/86
Thanksgiving,27,11,1986,11/27/86
Christmas Day,25,12,1986,12/25/86
New Year's Day,1,1,1987,01/01/87
"Martin Luther King, Jr. Day",19,1,1987,01/19/87
Presidents' Day,16,2,1987,02/16/87
Good Friday,17,4,1987,04/17/87
Memorial Day,25,5,1987,05/25/87
Independence Day (Observed),3,7,1987,07/03/87
Independence Day,4,7,1987,07/04/87
Labour Day,7,9,1987,09/07/87
Thanksgiving,26,11,1987,11/26/87
Christmas Day,25,12,1987,12/25/87
New Year's Day,1,1,1988,01/01/88
"Martin Luther King, Jr. Day",18,1,1988,01/18/88
Presidents' Day,15,2,1988,02/15/88
Good Friday,1,4,1988,04/01/88
Memorial Day,30,5,1988,05/30/88
Independence Day,4,7,1988,07/04/88
Labour Day,5,9,1988,09/05/88
Thanksgiving,24,11,1988,11/24/88
Christmas Day,25,12,1988,12/25/88
Christmas Day (Observed),26,12,1988,12/26/88
New Year's Day,1,1,1989,01/01/89
New Year's Day (Observed),2,1,1989,01/02/89
"Martin Luther King, Jr. Day",16,1,1989,01/16/89
Presidents' Day,20,2,1989,02/20/89
Good Friday,24,3,1989,03/24/89
Memorial Day,29,5,1989,05/29/89
Independence Day,4,7,1989,07/04/89
Labour Day,4,9,1989,09/04/89
Thanksgiving,30,11,1989,11/30/89
Christmas Day,25,12,1989,12/25/89
New Year's Day,1,1,1990,01/01/90
"Martin Luther King, Jr. Day",15,1,1990,01/15/90
Presidents' Day,19,2,1990,02/19/90
Good Friday,13,4,1990,04/13/90
Memorial Day,28,5,1990,05/28/90
Independence Day,4,7,1990,07/04/90
Labour Day,3,9,1990,09/03/90
Thanksgiving,29,11,1990,11/29/90
Christmas Day,25,12,1990,12/25/90
New Year's Day,1,1,1991,01/01/91
"Martin Luther King, Jr. Day",21,1,1991,01/21/91
Presidents' Day,18,2,1991,02/18/91
Good Friday,29,3,1991,03/29/91
Memorial Day,27,5,1991,05/27/91
Independence Day,4,7,1991,07/04/91
Labour Day,2,9,1991,09/02/91
Thanksgiving,28,11,1991,11/28/91
Christmas Day,25,12,1991,12/25/91
New Year's Day,1,1,1992,01/01/92
"Martin Luther King, Jr. Day",20,1,1992,01/20/92
Presidents' Day,17,2,1992,02/17/92
Good Friday,17,4,1992,04/17/92
Memorial Day,25,5,1992,05/25/92
Independence Day (Observed),3,7,1992,07/03/92
Independence Day,4,7,1992,07/04/92
Labour Day,7,9,1992,09/07/92
Thanksgiving,26,11,1992,11/26/92
Christmas Day,25,12,1992,12/25/92
New Year's Day,1,1,1993,01/01/93
"Martin Luther King, Jr. Day",18,1,1993,01/18/93
Presidents' Day,15,2,1993,02/15/93
Good Friday,9,4,1993,04/09/93
Memorial Day,31,5,1993,05/31/93
Independence Day,4,7,1993,07/04/93
Independence Day (Observed),5,7,1993,07/05/93
Labour Day,6,9,1993,09/06/93
Thanksgiving,25,11,1993,11/25/93
Christmas Day (Observed),24,12,1993,12/24/93
Christmas Day,25,12,1993,12/25/93
New Year's Day (Observed),31,12,1993,12/31/93
New Year's Day (Observed),31,12,1993,12/31/93
New Year's Day,1,1,1994,01/01/94
"Martin Luther King, Jr. Day",17,1,1994,01/17/94
Presidents' Day,21,2,1994,02/21/94
Good Friday,1,4,1994,04/01/94
Memorial Day,30,5,1994,05/30/94
Independence Day,4,7,1994,07/04/94
Labour Day,5,9,1994,09/05/94
Thanksgiving,24,11,1994,11/24/94
Christmas Day,25,12,1994,12/25/94
Christmas Day (Observed),26,12,1994,12/26/94
New Year's Day,1,1,1995,01/01/95
New Year's Day (Observed),2,1,1995,01/02/95
"Martin Luther King, Jr. Day",16,1,1995,01/16/95
Presidents' Day,20,2,1995,02/20/95
Good Friday,14,4,1995,04/14/95
Memorial Day,29,5,1995,05/29/95
Independence Day,4,7,1995,07/04/95
Labour Day,4,9,1995,09/04/95
Thanksgiving,30,11,1995,11/30/95
Christmas Day,25,12,1995,12/25/95
New Year's Day,1,1,1996,01/01/96
"Martin Luther King, Jr. Day",15,1,1996,01/15/96
Presidents' Day,19,2,1996,02/19/96
Good Friday,5,4,1996,04/05/96
Memorial Day,27,5,1996,05/27/96
Independence Day,4,7,1996,07/04/96
Labour Day,2,9,1996,09/02/96
Thanksgiving,28,11,1996,11/28/96
Christmas Day,25,12,1996,12/25/96
New Year's Day,1,1,1997,01/01/97
"Martin Luther King, Jr. Day",20,1,1997,01/20/97
Presidents' Day,17,2,1997,02/17/97
Good Friday,28,3,1997,03/28/97
Memorial Day,26,5,1997,05/26/97
Independence Day,4,7,1997,07/04/97
Labour Day,1,9,1997,09/01/97
Thanksgiving,27,11,1997,11/27/97
Christmas Day,25,12,1997,12/25/97
New Year's Day,1,1,1998,01/01/98
"Martin Luther King, Jr. Day",19,1,1998,01/19/98
Presidents' Day,16,2,1998,02/16/98
Good Friday,10,4,1998,04/10/98
Memorial Day,25,5,1998,05/25/98
Independence Day (Observed),3,7,1998,07/03/98
Independence Day,4,7,1998,07/04/98
Labour Day,7,9,1998,09/07/98
Thanksgiving,26,11,1998,11/26/98
Christmas Day,25,12,1998,12/25/98
New Year's Day,1,1,1999,01/01/99
"Martin Luther King, Jr. Day",18,1,1999,01/18/99
Presidents' Day,15,2,1999,02/15/99
Good Friday,2,4,1999,04/02/99
Memorial Day,31,5,1999,05/31/99
Independence Day,4,7,1999,07/04/99
Independence Day (Observed),5,7,1999,07/05/99
Labour Day,6,9,1999,09/06/99
Thanksgiving,25,11,1999,11/25/99
Christmas Day (Observed),24,12,1999,12/24/99
Christmas Day,25,12,1999,12/25/99
New Year's Day (Observed),31,12,1999,12/31/99
New Year's Day (Observed),31,12,1999,12/31/99
New Year's Day,1,1,2000,01/01/00
"Martin Luther King, Jr. Day",17,1,2000,01/17/00
Presidents' Day,21,2,2000,02/21/00
Good Friday,21,4,2000,04/21/00
Memorial Day,29,5,2000,05/29/00
Independence Day,4,7,2000,07/04/00
Labour Day,4,9,2000,09/04/00
Thanksgiving,30,11,2000,11/30/00
Christmas Day,25,12,2000,12/25/00
New Year's Day,1,1,2001,01/01/01
"Martin Luther King, Jr. Day",15,1,2001,01/15/01
Presidents' Day,19,2,2001,02/19/01
Good Friday,13,4,2001,04/13/01
Memorial Day,28,5,2001,05/28/01
Independence Day,4,7,2001,07/04/01
Labour Day,3,9,2001,09/03/01
Thanksgiving,29,11,2001,11/29/01
Christmas Day,25,12,2001,12/25/01
New Year's Day,1,1,2002,01/01/02
"Martin Luther King, Jr. Day",21,1,2002,01/21/02
Presidents' Day,18,2,2002,02/18/02
Good Friday,29,3,2002,03/29/02
Memorial Day,27,5,2002,05/27/02
Independence Day,4,7,2002,07/04/02
Labour Day,2,9,2002,09/02/02
Thanksgiving,28,11,2002,11/28/02
Christmas Day,25,12,2002,12/25/02
New Year's Day,1,1,2003,01/01/03
"Martin Luther King, Jr. Day",20,1,2003,01/20/03
Presidents' Day,17,2,2003,02/17/03
Good Friday,18,4,2003,04/18/03
Memorial Day,26,5,2003,05/26/03
Independence Day,4,7,2003,07/04/03
Labour Day,1,9,2003,09/01/03
Thanksgiving,27,11,2003,11/27/03
Christmas Day,25,12,2003,12/25/03
New Year's Day,1,1,2004,01/01/04
"Martin Luther King, Jr. Day",19,1,2004,01/19/04
Presidents' Day,16,2,2004,02/16/04
Good Friday,9,4,2004,04/09/04
Memorial Day,31,5,2004,05/31/04
Independence Day,4,7,2004,07/04/04
Independence Day (Observed),5,7,2004,07/05/04
Labour Day,6,9,2004,09/06/04
Thanksgiving,25,11,2004,11/25/04
Christmas Day (Observed),24,12,2004,12/24/04
Christmas Day,25,12,2004,12/25/04
New Year's Day (Observed),31,12,2004,12/31/04
New Year's Day (Observed),31,12,2004,12/31/04
New Year's Day,1,1,2005,01/01/05
"Martin Luther King, Jr. Day",17,1,2005,01/17/05
Presidents' Day,21,2,2005,02/21/05
Good Friday,25,3,2005,03/25/05
Memorial Day,30,5,2005,05/30/05
Independence Day,4,7,2005,07/04/05
Labour Day,5,9,2005,09/05/05
Thanksgiving,24,11,2005,11/24/05
Christmas Day,25,12,2005,12/25/05
Christmas Day (Observed),26,12,2005,12/26/05
New Year's Day,1,1,2006,01/01/06
New Year's Day (Observed),2,1,2006,01/02/06
"Martin Luther King, Jr. Day",16,1,2006,01/16/06
Presidents' Day,20,2,2006,02/20/06
Good Friday,14,4,2006,04/14/06
Memorial Day,29,5,2006,05/29/06
Independence Day,4,7,2006,07/04/06
Labour Day,4,9,2006,09/04/06
Thanksgiving,30,11,2006,11/30/06
Christmas Day,25,12,2006,12/25/06
New Year's Day,1,1,2007,01/01/07
"Martin Luther King, Jr. Day",15,1,2007,01/15/07
Presidents' Day,19,2,2007,02/19/07
Good Friday,6,4,2007,04/06/07
Memorial Day,28,5,2007,05/28/07
Independence Day,4,7,2007,07/04/07
Labour Day,3,9,2007,09/03/07
Thanksgiving,29,11,2007,11/29/07
Christmas Day,25,12,2007,12/25/07
New Year's Day,1,1,2008,01/01/08
"Martin Luther King, Jr. Day",21,1,2008,01/21/08
Presidents' Day,18,2,2008,02/18/08
Good Friday,21,3,2008,03/21/08
Memorial Day,26,5,2008,05/26/08
Independence Day,4,7,2008,07/04/08
Labour Day,1,9,2008,09/01/08
Thanksgiving,27,11,2008,11/27/08
Christmas Day,25,12,2008,12/25/08
New Year's Day,1,1,2009,01/01/09
"Martin Luther King, Jr. Day",19,1,2009,01/19/09
Presidents' Day,16,2,2009,02/16/09
Good Friday,10,4,2009,04/10/09
Memorial Day,25,5,2009,05/25/09
Independence Day (Observed),3,7,2009,07/03/09
Independence Day,4,7,2009,07/04/09
Labour Day,7,9,2009,09/07/09
Thanksgiving,26,11,2009,11/26/09
Christmas Day,25,12,2009,12/25/09
New Year's Day,1,1,2010,01/01/10
"Martin Luther King, Jr. Day",18,1,2010,01/18/10
Presidents' Day,15,2,2010,02/15/10
Good Friday,2,4,2010,04/02/10
Memorial Day,31,5,2010,05/31/10
Independence Day,4,7,2010,07/04/10
Independence Day (Observed),5,7,2010,07/05/10
Labour Day,6,9,2010,09/06/10
Thanksgiving,25,11,2010,11/25/10
Christmas Day (Observed),24,12,2010,12/24/10
Christmas Day,25,12,2010,12/25/10
New Year's Day (Observed),31,12,2010,12/31/10
New Year's Day (Observed),31,12,2010,12/31/10
New Year's Day,1,1,2011,01/01/11
"Martin Luther King, Jr. Day",17,1,2011,01/17/11
Presidents' Day,21,2,2011,02/21/11
Good Friday,22,4,2011,04/22/11
Memorial Day,30,5,2011,05/30/11
Independence Day,4,7,2011,07/04/11
Labour Day,5,9,2011,09/05/11
Thanksgiving,24,11,2011,11/24/11
Christmas Day,25,12,2011,12/25/11
Christmas Day (Observed),26,12,2011,12/26/11
New Year's Day,1,1,2012,01/01/12
New Year's Day (Observed),2,1,2012,01/02/12
"Martin Luther King, Jr. Day",16,1,2012,01/16/12
Presidents' Day,20,2,2012,02/20/12
Good Friday,6,4,2012,04/06/12
Memorial Day,28,5,2012,05/28/12
Independence Day,4,7,2012,07/04/12
Labour Day,3,9,2012,09/03/12
Thanksgiving,29,11,2012,11/29/12
Christmas Day,25,12,2012,12/25/12
New Year's Day,1,1,2013,01/01/13
"Martin Luther King, Jr. Day",21,1,2013,01/21/13
Presidents' Day,18,2,2013,02/18/13
Good Friday,29,3,2013,03/29/13
Memorial Day,27,5,2013,05/27/13
Independence Day,4,7,2013,07/04/13
Labour Day,2,9,2013,09/02/13
Thanksgiving,28,11,2013,11/28/13
Christmas Day,25,12,2013,12/25/13
New Year's Day,1,1,2014,01/01/14
"Martin Luther King, Jr. Day",20,1,2014,01/20/14
Presidents' Day,17,2,2014,02/17/14
Good Friday,18,4,2014,04/18/14
Memorial Day,26,5,2014,05/26/14
Independence Day,4,7,2014,07/04/14
Labour Day,1,9,2014,09/01/14
Thanksgiving,27,11,2014,11/27/14
Christmas Day,25,12,2014,12/25/14
New Year's Day,1,1,2015,01/01/15
"Martin Luther King, Jr. Day",19,1,2015,01/19/15
Presidents' Day,16,2,2015,02/16/15
Good Friday,3,4,2015,04/03/15
Memorial Day,25,5,2015,05/25/15
Independence Day (Observed),3,7,2015,07/03/15
Independence Day,4,7,2015,07/04/15
Labour Day,7,9,2015,09/07/15
Thanksgiving,26,11,2015,11/26/15
Christmas Day,25,12,2015,12/25/15
New Year's Day,1,1,2016,01/01/16
"Martin Luther King, Jr. Day",18,1,2016,01/18/16
Presidents' Day,15,2,2016,02/15/16
Good Friday,25,3,2016,03/25/16
Memorial Day,30,5,2016,05/30/16
Independence Day,4,7,2016,07/04/16
Labour Day,5,9,2016,09/05/16
Thanksgiving,24,11,2016,11/24/16
Christmas Day,25,12,2016,12/25/16
Christmas Day (Observed),26,12,2016,12/26/16
New Year's Day,1,1,2017,01/01/17
New Year's Day (Observed),2,1,2017,01/02/17
"Martin Luther King, Jr. Day",16,1,2017,01/16/17
Presidents' Day,20,2,2017,02/20/17
Good Friday,14,4,2017,04/14/17
Memorial Day,29,5,2017,05/29/17
Independence Day,4,7,2017,07/04/17
Labour Day,4,9,2017,09/04/17
Thanksgiving,30,11,2017,11/30/17
Christmas Day,25,12,2017,12/25/17
New Year's Day,1,1,2018,01/01/18
"Martin Luther King, Jr. Day",15,1,2018,01/15/18
Presidents' Day,19,2,2018,02/19/18
Good Friday,30,3,2018,03/30/18
Memorial Day,28,5,2018,05/28/18
Independence Day,4,7,2018,07/04/18
Labour Day,3,9,2018,09/03/18
Thanksgiving,29,11,2018,11/29/18
Christmas Day,25,12,2018,12/25/18
New Year's Day,1,1,2019,01/01/19
"Martin Luther King, Jr. Day",21,1,2019,01/21/19
Presidents' Day,18,2,2019,02/18/19
Good Friday,19,4,2019,04/19/19
Memorial Day,27,5,2019,05/27/19
Independence Day,4,7,2019,07/04/19
Labour Day,2,9,2019,09/02/19
Thanksgiving,28,11,2019,11/28/19
Christmas Day,25,12,2019,12/25/19
New Year's Day,1,1,2020,01/01/20
"Martin Luther King, Jr. Day",20,1,2020,01/20/20
Presidents' Day,17,2,2020,02/17/20
Good Friday,10,4,2020,04/10/20
Memorial Day,25,5,2020,05/25/20
Independence Day (Observed),3,7,2020,07/03/20
Independence Day,4,7,2020,07/04/20
Labour Day,7,9,2020,09/07/20
Thanksgiving,26,11,2020,11/26/20
Christmas Day,25,12,2020,12/25/20
New Year's Day,1,1,2021,01/01/21
"Martin Luther King, Jr. Day",18,1,2021,01/18/21
Presidents' Day,15,2,2021,02/15/21
Good Friday,2,4,2021,04/02/21
Memorial Day,31,5,2021,05/31/21
Independence Day,4,7,2021,07/04/21
Independence Day (Observed),5,7,2021,07/05/21
Labour Day,6,9,2021,09/06/21
Thanksgiving,25,11,2021,11/25/21
Christmas Day (Observed),24,12,2021,12/24/21
Christmas Day,25,12,2021,12/25/21
New Year's Day (Observed),31,12,2021,12/31/21
New Year's Day (Observed),31,12,2021,12/31/21
New Year's Day,1,1,2022,01/01/22
"Martin Luther King, Jr. Day",17,1,2022,01/17/22
Presidents' Day,21,2,2022,02/21/22
Good Friday,15,4,2022,04/15/22
Memorial Day,30,5,2022,05/30/22
Independence Day,4,7,2022,07/04/22
Labour Day,5,9,2022,09/05/22
Thanksgiving,24,11,2022,11/24/22
Christmas Day,25,12,2022,12/25/22
Christmas Day (Observed),26,12,2022,12/26/22
New Year's Day,1,1,2023,01/01/23
New Year's Day (Observed),2,1,2023,01/02/23
"Martin Luther King, Jr. Day",16,1,2023,01/16/23
Presidents' Day,20,2,2023,02/20/23
Good Friday,7,4,2023,04/07/23
Memorial Day,29,5,2023,05/29/23
Independence Day,4,7,2023,07/04/23
Labour Day,4,9,2023,09/04/23
Thanksgiving,30,11,2023,11/30/23
Christmas Day,25,12,2023,12/25/23
New Year's Day,1,1,2024,01/01/24
"Martin Luther King, Jr. Day",15,1,2024,01/15/24
Presidents' Day,19,2,2024,02/19/24
Good Friday,29,3,2024,03/29/24
Memorial Day,27,5,2024,05/27/24
Independence Day,4,7,2024,07/04/24
Labour Day,2,9,2024,09/02/24
Thanksgiving,28,11,2024,11/28/24
Christmas Day,25,12,2024,12/25/24
New Year's Day,1,1,2025,01/01/25
"Martin Luther King, Jr. Day",20,1,2025,01/20/25
Presidents' Day,17,2,2025,02/17/25
Good Friday,18,4,2025,04/18/25
Memorial Day,26,5,2025,05/26/25
Independence Day,4,7,2025,07/04/25
Labour Day,1,9,2025,09/01/25
Thanksgiving,27,11,2025,11/27/25
Christmas Day,25,12,2025,12/25/25
New Year's Day,1,1,2026,01/01/26
"Martin Luther King, Jr. Day",19,1,2026,01/19/26
Presidents' Day,16,2,2026,02/16/26
Good Friday,3,4,2026,04/03/26
Memorial Day,25,5,2026,05/25/26
Independence Day (Observed),3,7,2026,07/03/26
Independence Day,4,7,2026,07/04/26
Labour Day,7,9,2026,09/07/26
Thanksgiving,26,11,2026,11/26/26
Christmas Day,25,12,2026,12/25/26
New Year's Day,1,1,2027,01/01/27
"Martin Luther King, Jr. Day",18,1,2027,01/18/27
Presidents' Day,15,2,2027,02/15/27
Good Friday,26,3,2027,03/26/27
Memorial Day,31,5,2027,05/31/27
Independence Day,4,7,2027,07/04/27
Independence Day (Observed),5,7,2027,07/05/27
Labour Day,6,9,2027,09/06/27
Thanksgiving,25,11,2027,11/25/27
Christmas Day (Observed),24,12,2027,12/24/27
Christmas Day,25,12,2027,12/25/27
New Year's Day (Observed),31,12,2027,12/31/27
New Year's Day (Observed),31,12,2027,12/31/27
New Year's Day,1,1,2028,01/01/28
"Martin Luther King, Jr. Day",17,1,2028,01/17/28
Presidents' Day,21,2,2028,02/21/28
Good Friday,14,4,2028,04/14/28
Memorial Day,29,5,2028,05/29/28
Independence Day,4,7,2028,07/04/28
Labour Day,4,9,2028,09/04/28
Thanksgiving,30,11,2028,11/30/28
Christmas Day,25,12,2028,12/25/28
New Year's Day,1,1,2029,01/01/29
"Martin Luther King, Jr. Day",15,1,2029,01/15/29
Presidents' Day,19,2,2029,02/19/29
Good Friday,30,3,2029,03/30/29
Memorial Day,28,5,2029,05/28/29
Independence Day,4,7,2029,07/04/29
Labour Day,3,9,2029,09/03/29
Thanksgiving,29,11,2029,11/29/29
Christmas Day,25,12,2029,12/25/29
New Year's Day,1,1,2030,01/01/30
"Martin Luther King, Jr. Day",21,1,2030,01/21/30
Presidents' Day,18,2,2030,02/18/30
Good Friday,19,4,2030,04/19/30
Memorial Day,27,5,2030,05/27/30
Independence Day,4,7,2030,07/04/30
Labour Day,2,9,2030,09/02/30
Thanksgiving,28,11,2030,11/28/30
Christmas Day,25,12,2030,12/25/30
